<?xml version="1.0" encoding="UTF-8"?>
<export version="E">
  <design>
    <source>C:\Users\jan\Documents\EigeneDatein\Technik\HTL_4\Werkstatt\EL\KS\Klatschschalter\Klatschschalter.kicad_sch</source>
    <date>10.10.2023 09:56:52</date>
    <tool>Eeschema 7.0.2</tool>
    <sheet number="1" name="/" tstamps="/">
      <title_block>
        <title>Klatschschalter</title>
        <company/>
        <rev/>
        <date/>
        <source>Klatschschalter.kicad_sch</source>
        <comment number="1" value=""/>
        <comment number="2" value=""/>
        <comment number="3" value=""/>
        <comment number="4" value=""/>
        <comment number="5" value=""/>
        <comment number="6" value=""/>
        <comment number="7" value=""/>
        <comment number="8" value=""/>
        <comment number="9" value=""/>
      </title_block>
    </sheet>
  </design>
  <components>
    <comp ref="C1">
      <value>47μF</value>
      <footprint>Capacitor_THT:CP_Radial_D5.0mm_P2.50mm</footprint>
      <libsource lib="Device" part="C_Polarized" description="Polarized capacitor"/>
      <property name="Sheetname" value=""/>
      <property name="Sheetfile" value="Klatschschalter.kicad_sch"/>
      <property name="ki_description" value="Polarized capacitor"/>
      <property name="ki_keywords" value="cap capacitor"/>
      <sheetpath names="/" tstamps="/"/>
      <tstamps>f4730f96-7326-4664-9483-000089eaecad</tstamps>
    </comp>
    <comp ref="C2">
      <value>47μF</value>
      <footprint>Capacitor_THT:CP_Radial_D5.0mm_P2.50mm</footprint>
      <libsource lib="Device" part="C_Polarized" description="Polarized capacitor"/>
      <property name="Sheetname" value=""/>
      <property name="Sheetfile" value="Klatschschalter.kicad_sch"/>
      <property name="ki_description" value="Polarized capacitor"/>
      <property name="ki_keywords" value="cap capacitor"/>
      <sheetpath names="/" tstamps="/"/>
      <tstamps>77a72d99-13fd-4bd1-a470-b95784b3d86d</tstamps>
    </comp>
    <comp ref="C3">
      <value>100NF</value>
      <footprint>Capacitor_THT:C_Disc_D7.0mm_W2.5mm_P5.00mm</footprint>
      <libsource lib="Device" part="C" description="Unpolarized capacitor"/>
      <property name="Sheetname" value=""/>
      <property name="Sheetfile" value="Klatschschalter.kicad_sch"/>
      <property name="ki_description" value="Unpolarized capacitor"/>
      <property name="ki_keywords" value="cap capacitor"/>
      <sheetpath names="/" tstamps="/"/>
      <tstamps>e8324505-ce0c-43da-94e4-6a7e9d5283b5</tstamps>
    </comp>
    <comp ref="C4">
      <value>47μF</value>
      <footprint>Capacitor_THT:CP_Radial_D5.0mm_P2.50mm</footprint>
      <libsource lib="Device" part="C_Polarized" description="Polarized capacitor"/>
      <property name="Sheetname" value=""/>
      <property name="Sheetfile" value="Klatschschalter.kicad_sch"/>
      <property name="ki_description" value="Polarized capacitor"/>
      <property name="ki_keywords" value="cap capacitor"/>
      <sheetpath names="/" tstamps="/"/>
      <tstamps>d3045ba0-17fc-434e-b183-b0d70fcef10c</tstamps>
    </comp>
    <comp ref="C5">
      <value>100NF</value>
      <footprint>Capacitor_THT:C_Disc_D7.0mm_W2.5mm_P5.00mm</footprint>
      <libsource lib="Device" part="C" description="Unpolarized capacitor"/>
      <property name="Sheetname" value=""/>
      <property name="Sheetfile" value="Klatschschalter.kicad_sch"/>
      <property name="ki_description" value="Unpolarized capacitor"/>
      <property name="ki_keywords" value="cap capacitor"/>
      <sheetpath names="/" tstamps="/"/>
      <tstamps>e9b55eff-63db-4dfe-9abe-936a410d973f</tstamps>
    </comp>
    <comp ref="D1">
      <value>1N4148</value>
      <footprint>Diode_THT:D_DO-35_SOD27_P7.62mm_Horizontal</footprint>
      <datasheet>https://assets.nexperia.com/documents/data-sheet/1N4148_1N4448.pdf</datasheet>
      <fields>
        <field name="Sim.Device">D</field>
        <field name="Sim.Pins">1=K 2=A</field>
      </fields>
      <libsource lib="Diode" part="1N4148" description="100V 0.15A standard switching diode, DO-35"/>
      <property name="Sim.Device" value="D"/>
      <property name="Sim.Pins" value="1=K 2=A"/>
      <property name="Sheetname" value=""/>
      <property name="Sheetfile" value="Klatschschalter.kicad_sch"/>
      <property name="ki_description" value="100V 0.15A standard switching diode, DO-35"/>
      <property name="ki_keywords" value="diode"/>
      <sheetpath names="/" tstamps="/"/>
      <tstamps>3e12c553-b32c-4593-aaf1-2a6939dd32d3</tstamps>
    </comp>
    <comp ref="D2">
      <value>1N4148</value>
      <footprint>Diode_THT:D_DO-35_SOD27_P7.62mm_Horizontal</footprint>
      <datasheet>https://assets.nexperia.com/documents/data-sheet/1N4148_1N4448.pdf</datasheet>
      <fields>
        <field name="Sim.Device">D</field>
        <field name="Sim.Pins">1=K 2=A</field>
      </fields>
      <libsource lib="Diode" part="1N4148" description="100V 0.15A standard switching diode, DO-35"/>
      <property name="Sim.Device" value="D"/>
      <property name="Sim.Pins" value="1=K 2=A"/>
      <property name="Sheetname" value=""/>
      <property name="Sheetfile" value="Klatschschalter.kicad_sch"/>
      <property name="ki_description" value="100V 0.15A standard switching diode, DO-35"/>
      <property name="ki_keywords" value="diode"/>
      <sheetpath names="/" tstamps="/"/>
      <tstamps>0c43bc29-df63-45a3-8c67-611f2fc298fb</tstamps>
    </comp>
    <comp ref="J1">
      <value>Analog IN</value>
      <footprint>Connector_JST:JST_NV_B02P-NV_1x06_P5.00mm_Vertical</footprint>
      <libsource lib="Connector" part="Conn_01x06_Pin" description="Generic connector, single row, 01x06, script generated"/>
      <property name="Sheetname" value=""/>
      <property name="Sheetfile" value="Klatschschalter.kicad_sch"/>
      <property name="ki_description" value="Generic connector, single row, 01x06, script generated"/>
      <property name="ki_keywords" value="connector"/>
      <sheetpath names="/" tstamps="/"/>
      <tstamps>ef7e085e-0e60-4d66-a9f3-c9b35ceb4302</tstamps>
    </comp>
    <comp ref="J2">
      <value>Power</value>
      <footprint>Connector_JST:JST_NV_B02P-NV_1x04_P5.00mm_Vertical</footprint>
      <libsource lib="Connector" part="Conn_01x04_Pin" description="Generic connector, single row, 01x04, script generated"/>
      <property name="Sheetname" value=""/>
      <property name="Sheetfile" value="Klatschschalter.kicad_sch"/>
      <property name="ki_description" value="Generic connector, single row, 01x04, script generated"/>
      <property name="ki_keywords" value="connector"/>
      <sheetpath names="/" tstamps="/"/>
      <tstamps>47bc297c-1434-4794-899c-fe32d4a6b67a</tstamps>
    </comp>
    <comp ref="J3">
      <value>DIGITAL</value>
      <footprint>Connector_JST:JST_NV_B02P-NV_1x08_P5.00mm_Vertical</footprint>
      <libsource lib="Connector" part="Conn_01x08_Pin" description="Generic connector, single row, 01x08, script generated"/>
      <property name="Sheetname" value=""/>
      <property name="Sheetfile" value="Klatschschalter.kicad_sch"/>
      <property name="ki_description" value="Generic connector, single row, 01x08, script generated"/>
      <property name="ki_keywords" value="connector"/>
      <sheetpath names="/" tstamps="/"/>
      <tstamps>10e26392-b038-45fd-832a-8c4e8896a32e</tstamps>
    </comp>
    <comp ref="J4">
      <value>LDR</value>
      <footprint>Connector_JST:JST_NV_B02P-NV_1x02_P5.00mm_Vertical</footprint>
      <libsource lib="Connector" part="Conn_01x02_Pin" description="Generic connector, single row, 01x02, script generated"/>
      <property name="Sheetname" value=""/>
      <property name="Sheetfile" value="Klatschschalter.kicad_sch"/>
      <property name="ki_description" value="Generic connector, single row, 01x02, script generated"/>
      <property name="ki_keywords" value="connector"/>
      <sheetpath names="/" tstamps="/"/>
      <tstamps>45a36cba-829c-48d0-b473-879547f5023f</tstamps>
    </comp>
    <comp ref="J5">
      <value>Micro</value>
      <footprint>Connector_JST:JST_NV_B02P-NV_1x02_P5.00mm_Vertical</footprint>
      <libsource lib="Connector" part="Conn_01x02_Pin" description="Generic connector, single row, 01x02, script generated"/>
      <property name="Sheetname" value=""/>
      <property name="Sheetfile" value="Klatschschalter.kicad_sch"/>
      <property name="ki_description" value="Generic connector, single row, 01x02, script generated"/>
      <property name="ki_keywords" value="connector"/>
      <sheetpath names="/" tstamps="/"/>
      <tstamps>ca59e0df-4ebf-4599-8b4c-1a67e69d4e70</tstamps>
    </comp>
    <comp ref="J6">
      <value>Taste</value>
      <footprint>Connector_JST:JST_NV_B02P-NV_1x02_P5.00mm_Vertical</footprint>
      <libsource lib="Connector" part="Conn_01x02_Pin" description="Generic connector, single row, 01x02, script generated"/>
      <property name="Sheetname" value=""/>
      <property name="Sheetfile" value="Klatschschalter.kicad_sch"/>
      <property name="ki_description" value="Generic connector, single row, 01x02, script generated"/>
      <property name="ki_keywords" value="connector"/>
      <sheetpath names="/" tstamps="/"/>
      <tstamps>519b997a-da5f-4993-9856-4a21a9bda14b</tstamps>
    </comp>
    <comp ref="J7">
      <value>Conn_01x03_Pin</value>
      <footprint>Connector_JST:JST_NV_B02P-NV_1x03_P5.00mm_Vertical</footprint>
      <libsource lib="Connector" part="Conn_01x03_Pin" description="Generic connector, single row, 01x03, script generated"/>
      <property name="Sheetname" value=""/>
      <property name="Sheetfile" value="Klatschschalter.kicad_sch"/>
      <property name="ki_description" value="Generic connector, single row, 01x03, script generated"/>
      <property name="ki_keywords" value="connector"/>
      <sheetpath names="/" tstamps="/"/>
      <tstamps>75aba941-54ce-432d-af62-eff3ce56657e</tstamps>
    </comp>
    <comp ref="Q1">
      <value>BC547</value>
      <footprint>TO_SOT_THT:TO-92_Inline_Wide</footprint>
      <datasheet>https://www.onsemi.com/pub/Collateral/BC550-D.pdf</datasheet>
      <libsource lib="Transistor_BJT" part="BC547" description="0.1A Ic, 45V Vce, Small Signal NPN Transistor, TO-92"/>
      <property name="Sheetname" value=""/>
      <property name="Sheetfile" value="Klatschschalter.kicad_sch"/>
      <property name="ki_description" value="0.1A Ic, 45V Vce, Small Signal NPN Transistor, TO-92"/>
      <property name="ki_keywords" value="NPN Transistor"/>
      <sheetpath names="/" tstamps="/"/>
      <tstamps>c43a7840-2f67-4cb4-853e-8710959317d0</tstamps>
    </comp>
    <comp ref="Q2">
      <value>BC547</value>
      <footprint>TO_SOT_THT:TO-92_Inline_Wide</footprint>
      <datasheet>https://www.onsemi.com/pub/Collateral/BC550-D.pdf</datasheet>
      <libsource lib="Transistor_BJT" part="BC547" description="0.1A Ic, 45V Vce, Small Signal NPN Transistor, TO-92"/>
      <property name="Sheetname" value=""/>
      <property name="Sheetfile" value="Klatschschalter.kicad_sch"/>
      <property name="ki_description" value="0.1A Ic, 45V Vce, Small Signal NPN Transistor, TO-92"/>
      <property name="ki_keywords" value="NPN Transistor"/>
      <sheetpath names="/" tstamps="/"/>
      <tstamps>9373ac37-e60b-4437-8d42-327a8e0ad060</tstamps>
    </comp>
    <comp ref="Q3">
      <value>BC547</value>
      <footprint>TO_SOT_THT:TO-92_Inline_Wide</footprint>
      <datasheet>https://www.onsemi.com/pub/Collateral/BC550-D.pdf</datasheet>
      <libsource lib="Transistor_BJT" part="BC547" description="0.1A Ic, 45V Vce, Small Signal NPN Transistor, TO-92"/>
      <property name="Sheetname" value=""/>
      <property name="Sheetfile" value="Klatschschalter.kicad_sch"/>
      <property name="ki_description" value="0.1A Ic, 45V Vce, Small Signal NPN Transistor, TO-92"/>
      <property name="ki_keywords" value="NPN Transistor"/>
      <sheetpath names="/" tstamps="/"/>
      <tstamps>83542dda-d1c8-401e-b845-1e01c436b0df</tstamps>
    </comp>
    <comp ref="Q4">
      <value>BC547</value>
      <footprint>TO_SOT_THT:TO-92_Inline_Wide</footprint>
      <datasheet>https://www.onsemi.com/pub/Collateral/BC550-D.pdf</datasheet>
      <libsource lib="Transistor_BJT" part="BC547" description="0.1A Ic, 45V Vce, Small Signal NPN Transistor, TO-92"/>
      <property name="Sheetname" value=""/>
      <property name="Sheetfile" value="Klatschschalter.kicad_sch"/>
      <property name="ki_description" value="0.1A Ic, 45V Vce, Small Signal NPN Transistor, TO-92"/>
      <property name="ki_keywords" value="NPN Transistor"/>
      <sheetpath names="/" tstamps="/"/>
      <tstamps>68436b96-4b29-4917-a117-f2e8edb419b4</tstamps>
    </comp>
    <comp ref="R1">
      <value>1k</value>
      <footprint>Resistor_THT:R_Axial_DIN0207_L6.3mm_D2.5mm_P10.16mm_Horizontal</footprint>
      <libsource lib="Device" part="R" description="Resistor"/>
      <property name="Sheetname" value=""/>
      <property name="Sheetfile" value="Klatschschalter.kicad_sch"/>
      <property name="ki_description" value="Resistor"/>
      <property name="ki_keywords" value="R res resistor"/>
      <sheetpath names="/" tstamps="/"/>
      <tstamps>819d9eca-9ffb-4015-97ab-a69b83db3d49</tstamps>
    </comp>
    <comp ref="R2">
      <value>1k</value>
      <footprint>Resistor_THT:R_Axial_DIN0207_L6.3mm_D2.5mm_P10.16mm_Horizontal</footprint>
      <libsource lib="Device" part="R" description="Resistor"/>
      <property name="Sheetname" value=""/>
      <property name="Sheetfile" value="Klatschschalter.kicad_sch"/>
      <property name="ki_description" value="Resistor"/>
      <property name="ki_keywords" value="R res resistor"/>
      <sheetpath names="/" tstamps="/"/>
      <tstamps>c167904a-f7e2-41c0-afff-12668ffd799d</tstamps>
    </comp>
    <comp ref="R3">
      <value>22k</value>
      <footprint>Resistor_THT:R_Axial_DIN0207_L6.3mm_D2.5mm_P10.16mm_Horizontal</footprint>
      <libsource lib="Device" part="R" description="Resistor"/>
      <property name="Sheetname" value=""/>
      <property name="Sheetfile" value="Klatschschalter.kicad_sch"/>
      <property name="ki_description" value="Resistor"/>
      <property name="ki_keywords" value="R res resistor"/>
      <sheetpath names="/" tstamps="/"/>
      <tstamps>403f92de-29d5-480e-bc1a-d640887218d0</tstamps>
    </comp>
    <comp ref="R4">
      <value>22k</value>
      <footprint>Resistor_THT:R_Axial_DIN0207_L6.3mm_D2.5mm_P10.16mm_Horizontal</footprint>
      <libsource lib="Device" part="R" description="Resistor"/>
      <property name="Sheetname" value=""/>
      <property name="Sheetfile" value="Klatschschalter.kicad_sch"/>
      <property name="ki_description" value="Resistor"/>
      <property name="ki_keywords" value="R res resistor"/>
      <sheetpath names="/" tstamps="/"/>
      <tstamps>446671f9-c5df-4ec8-8978-6e44c65539b5</tstamps>
    </comp>
    <comp ref="R5">
      <value>1k</value>
      <footprint>Resistor_THT:R_Axial_DIN0207_L6.3mm_D2.5mm_P10.16mm_Horizontal</footprint>
      <libsource lib="Device" part="R" description="Resistor"/>
      <property name="Sheetname" value=""/>
      <property name="Sheetfile" value="Klatschschalter.kicad_sch"/>
      <property name="ki_description" value="Resistor"/>
      <property name="ki_keywords" value="R res resistor"/>
      <sheetpath names="/" tstamps="/"/>
      <tstamps>5994aa36-e83f-46e8-8377-a936e4d17b2e</tstamps>
    </comp>
    <comp ref="R6">
      <value>1k</value>
      <footprint>Resistor_THT:R_Axial_DIN0207_L6.3mm_D2.5mm_P10.16mm_Horizontal</footprint>
      <libsource lib="Device" part="R" description="Resistor"/>
      <property name="Sheetname" value=""/>
      <property name="Sheetfile" value="Klatschschalter.kicad_sch"/>
      <property name="ki_description" value="Resistor"/>
      <property name="ki_keywords" value="R res resistor"/>
      <sheetpath names="/" tstamps="/"/>
      <tstamps>09f0ffd2-acab-47cb-815f-9f921f39b4ff</tstamps>
    </comp>
    <comp ref="R7">
      <value>10k</value>
      <footprint>Resistor_THT:R_Axial_DIN0207_L6.3mm_D2.5mm_P10.16mm_Horizontal</footprint>
      <libsource lib="Device" part="R" description="Resistor"/>
      <property name="Sheetname" value=""/>
      <property name="Sheetfile" value="Klatschschalter.kicad_sch"/>
      <property name="ki_description" value="Resistor"/>
      <property name="ki_keywords" value="R res resistor"/>
      <sheetpath names="/" tstamps="/"/>
      <tstamps>a75f83f1-c31a-42e1-a31b-dd96ad413b6f</tstamps>
    </comp>
    <comp ref="R8">
      <value>4k7</value>
      <footprint>Resistor_THT:R_Axial_DIN0207_L6.3mm_D2.5mm_P10.16mm_Horizontal</footprint>
      <libsource lib="Device" part="R" description="Resistor"/>
      <property name="Sheetname" value=""/>
      <property name="Sheetfile" value="Klatschschalter.kicad_sch"/>
      <property name="ki_description" value="Resistor"/>
      <property name="ki_keywords" value="R res resistor"/>
      <sheetpath names="/" tstamps="/"/>
      <tstamps>acc5a3e5-53f6-42f4-a748-514fa0eebca5</tstamps>
    </comp>
    <comp ref="R9">
      <value>160k</value>
      <footprint>Resistor_THT:R_Axial_DIN0207_L6.3mm_D2.5mm_P10.16mm_Horizontal</footprint>
      <libsource lib="Device" part="R" description="Resistor"/>
      <property name="Sheetname" value=""/>
      <property name="Sheetfile" value="Klatschschalter.kicad_sch"/>
      <property name="ki_description" value="Resistor"/>
      <property name="ki_keywords" value="R res resistor"/>
      <sheetpath names="/" tstamps="/"/>
      <tstamps>1adf211a-b53c-4c3c-abf7-f3127b70c62d</tstamps>
    </comp>
    <comp ref="R10">
      <value>10k</value>
      <footprint>Resistor_THT:R_Axial_DIN0207_L6.3mm_D2.5mm_P10.16mm_Horizontal</footprint>
      <libsource lib="Device" part="R" description="Resistor"/>
      <property name="Sheetname" value=""/>
      <property name="Sheetfile" value="Klatschschalter.kicad_sch"/>
      <property name="ki_description" value="Resistor"/>
      <property name="ki_keywords" value="R res resistor"/>
      <sheetpath names="/" tstamps="/"/>
      <tstamps>e30a5b13-2150-4fab-92e3-2380676c4133</tstamps>
    </comp>
    <comp ref="R11">
      <value>470</value>
      <footprint>Resistor_THT:R_Axial_DIN0207_L6.3mm_D2.5mm_P10.16mm_Horizontal</footprint>
      <libsource lib="Device" part="R" description="Resistor"/>
      <property name="Sheetname" value=""/>
      <property name="Sheetfile" value="Klatschschalter.kicad_sch"/>
      <property name="ki_description" value="Resistor"/>
      <property name="ki_keywords" value="R res resistor"/>
      <sheetpath names="/" tstamps="/"/>
      <tstamps>a895547b-9759-4fd7-89cc-f4115cb90dff</tstamps>
    </comp>
    <comp ref="R12">
      <value>10k</value>
      <footprint>Resistor_THT:R_Axial_DIN0207_L6.3mm_D2.5mm_P10.16mm_Horizontal</footprint>
      <libsource lib="Device" part="R" description="Resistor"/>
      <property name="Sheetname" value=""/>
      <property name="Sheetfile" value="Klatschschalter.kicad_sch"/>
      <property name="ki_description" value="Resistor"/>
      <property name="ki_keywords" value="R res resistor"/>
      <sheetpath names="/" tstamps="/"/>
      <tstamps>285fa4d5-9928-4ef7-9f3c-03fb63a5ecc3</tstamps>
    </comp>
    <comp ref="R13">
      <value>470</value>
      <footprint>Resistor_THT:R_Axial_DIN0207_L6.3mm_D2.5mm_P10.16mm_Horizontal</footprint>
      <libsource lib="Device" part="R" description="Resistor"/>
      <property name="Sheetname" value=""/>
      <property name="Sheetfile" value="Klatschschalter.kicad_sch"/>
      <property name="ki_description" value="Resistor"/>
      <property name="ki_keywords" value="R res resistor"/>
      <sheetpath names="/" tstamps="/"/>
      <tstamps>a9373d0b-aadd-4af6-8e0d-52e415e37c37</tstamps>
    </comp>
    <comp ref="R14">
      <value>0,22</value>
      <footprint>Resistor_THT:R_Axial_DIN0207_L6.3mm_D2.5mm_P10.16mm_Horizontal</footprint>
      <libsource lib="Device" part="R" description="Resistor"/>
      <property name="Sheetname" value=""/>
      <property name="Sheetfile" value="Klatschschalter.kicad_sch"/>
      <property name="ki_description" value="Resistor"/>
      <property name="ki_keywords" value="R res resistor"/>
      <sheetpath names="/" tstamps="/"/>
      <tstamps>5043cbeb-6123-4972-98e8-ad060f9f0ab0</tstamps>
    </comp>
    <comp ref="RV1">
      <value>10k</value>
      <footprint>Potentiometer_THT:Potentiometer_Piher_PT-10-V10_Vertical_Hole</footprint>
      <libsource lib="Device" part="R_Potentiometer" description="Potentiometer"/>
      <property name="Sheetname" value=""/>
      <property name="Sheetfile" value="Klatschschalter.kicad_sch"/>
      <property name="ki_description" value="Potentiometer"/>
      <property name="ki_keywords" value="resistor variable"/>
      <sheetpath names="/" tstamps="/"/>
      <tstamps>d17585f2-3b30-4c86-a8ad-cf61117539f4</tstamps>
    </comp>
  </components>
  <libparts>
    <libpart lib="Connector" part="Conn_01x02_Pin">
      <description>Generic connector, single row, 01x02, script generated</description>
      <docs>~</docs>
      <footprints>
        <fp>Connector*:*_1x??_*</fp>
      </footprints>
      <fields>
        <field name="Reference">J</field>
        <field name="Value">Conn_01x02_Pin</field>
        <field name="Datasheet">~</field>
      </fields>
      <pins>
        <pin num="1" name="Pin_1" type="passive"/>
        <pin num="2" name="Pin_2" type="passive"/>
      </pins>
    </libpart>
    <libpart lib="Connector" part="Conn_01x03_Pin">
      <description>Generic connector, single row, 01x03, script generated</description>
      <docs>~</docs>
      <footprints>
        <fp>Connector*:*_1x??_*</fp>
      </footprints>
      <fields>
        <field name="Reference">J</field>
        <field name="Value">Conn_01x03_Pin</field>
        <field name="Datasheet">~</field>
      </fields>
      <pins>
        <pin num="1" name="Pin_1" type="passive"/>
        <pin num="2" name="Pin_2" type="passive"/>
        <pin num="3" name="Pin_3" type="passive"/>
      </pins>
    </libpart>
    <libpart lib="Connector" part="Conn_01x04_Pin">
      <description>Generic connector, single row, 01x04, script generated</description>
      <docs>~</docs>
      <footprints>
        <fp>Connector*:*_1x??_*</fp>
      </footprints>
      <fields>
        <field name="Reference">J</field>
        <field name="Value">Conn_01x04_Pin</field>
        <field name="Datasheet">~</field>
      </fields>
      <pins>
        <pin num="1" name="Pin_1" type="passive"/>
        <pin num="2" name="Pin_2" type="passive"/>
        <pin num="3" name="Pin_3" type="passive"/>
        <pin num="4" name="Pin_4" type="passive"/>
      </pins>
    </libpart>
    <libpart lib="Connector" part="Conn_01x06_Pin">
      <description>Generic connector, single row, 01x06, script generated</description>
      <docs>~</docs>
      <footprints>
        <fp>Connector*:*_1x??_*</fp>
      </footprints>
      <fields>
        <field name="Reference">J</field>
        <field name="Value">Conn_01x06_Pin</field>
        <field name="Datasheet">~</field>
      </fields>
      <pins>
        <pin num="1" name="Pin_1" type="passive"/>
        <pin num="2" name="Pin_2" type="passive"/>
        <pin num="3" name="Pin_3" type="passive"/>
        <pin num="4" name="Pin_4" type="passive"/>
        <pin num="5" name="Pin_5" type="passive"/>
        <pin num="6" name="Pin_6" type="passive"/>
      </pins>
    </libpart>
    <libpart lib="Connector" part="Conn_01x08_Pin">
      <description>Generic connector, single row, 01x08, script generated</description>
      <docs>~</docs>
      <footprints>
        <fp>Connector*:*_1x??_*</fp>
      </footprints>
      <fields>
        <field name="Reference">J</field>
        <field name="Value">Conn_01x08_Pin</field>
        <field name="Datasheet">~</field>
      </fields>
      <pins>
        <pin num="1" name="Pin_1" type="passive"/>
        <pin num="2" name="Pin_2" type="passive"/>
        <pin num="3" name="Pin_3" type="passive"/>
        <pin num="4" name="Pin_4" type="passive"/>
        <pin num="5" name="Pin_5" type="passive"/>
        <pin num="6" name="Pin_6" type="passive"/>
        <pin num="7" name="Pin_7" type="passive"/>
        <pin num="8" name="Pin_8" type="passive"/>
      </pins>
    </libpart>
    <libpart lib="Device" part="C">
      <description>Unpolarized capacitor</description>
      <docs>~</docs>
      <footprints>
        <fp>C_*</fp>
      </footprints>
      <fields>
        <field name="Reference">C</field>
        <field name="Value">C</field>
        <field name="Datasheet">~</field>
      </fields>
      <pins>
        <pin num="1" name="" type="passive"/>
        <pin num="2" name="" type="passive"/>
      </pins>
    </libpart>
    <libpart lib="Device" part="C_Polarized">
      <description>Polarized capacitor</description>
      <docs>~</docs>
      <footprints>
        <fp>CP_*</fp>
      </footprints>
      <fields>
        <field name="Reference">C</field>
        <field name="Value">C_Polarized</field>
        <field name="Datasheet">~</field>
      </fields>
      <pins>
        <pin num="1" name="" type="passive"/>
        <pin num="2" name="" type="passive"/>
      </pins>
    </libpart>
    <libpart lib="Device" part="R">
      <description>Resistor</description>
      <docs>~</docs>
      <footprints>
        <fp>R_*</fp>
      </footprints>
      <fields>
        <field name="Reference">R</field>
        <field name="Value">R</field>
        <field name="Datasheet">~</field>
      </fields>
      <pins>
        <pin num="1" name="" type="passive"/>
        <pin num="2" name="" type="passive"/>
      </pins>
    </libpart>
    <libpart lib="Device" part="R_Potentiometer">
      <description>Potentiometer</description>
      <docs>~</docs>
      <footprints>
        <fp>Potentiometer*</fp>
      </footprints>
      <fields>
        <field name="Reference">RV</field>
        <field name="Value">R_Potentiometer</field>
        <field name="Datasheet">~</field>
      </fields>
      <pins>
        <pin num="1" name="1" type="passive"/>
        <pin num="2" name="2" type="passive"/>
        <pin num="3" name="3" type="passive"/>
      </pins>
    </libpart>
    <libpart lib="Diode" part="1N4148">
      <description>100V 0.15A standard switching diode, DO-35</description>
      <docs>https://assets.nexperia.com/documents/data-sheet/1N4148_1N4448.pdf</docs>
      <footprints>
        <fp>D*DO?35*</fp>
      </footprints>
      <fields>
        <field name="Reference">D</field>
        <field name="Value">1N4148</field>
        <field name="Footprint">Diode_THT:D_DO-35_SOD27_P7.62mm_Horizontal</field>
        <field name="Datasheet">https://assets.nexperia.com/documents/data-sheet/1N4148_1N4448.pdf</field>
        <field name="Sim.Device">D</field>
        <field name="Sim.Pins">1=K 2=A</field>
      </fields>
      <pins>
        <pin num="1" name="K" type="passive"/>
        <pin num="2" name="A" type="passive"/>
      </pins>
    </libpart>
    <libpart lib="Transistor_BJT" part="BC547">
      <description>0.1A Ic, 45V Vce, Small Signal NPN Transistor, TO-92</description>
      <docs>https://www.onsemi.com/pub/Collateral/BC550-D.pdf</docs>
      <footprints>
        <fp>TO?92*</fp>
      </footprints>
      <fields>
        <field name="Reference">Q</field>
        <field name="Value">BC547</field>
        <field name="Footprint">Package_TO_SOT_THT:TO-92_Inline</field>
        <field name="Datasheet">https://www.onsemi.com/pub/Collateral/BC550-D.pdf</field>
      </fields>
      <pins>
        <pin num="1" name="C" type="passive"/>
        <pin num="2" name="B" type="input"/>
        <pin num="3" name="E" type="passive"/>
      </pins>
    </libpart>
  </libparts>
  <libraries>
    <library logical="Connector">
      <uri>C:\Program Files\KiCad\7.0\share\kicad\symbols\/Connector.kicad_sym</uri>
    </library>
    <library logical="Device">
      <uri>C:\Program Files\KiCad\7.0\share\kicad\symbols\/Device.kicad_sym</uri>
    </library>
    <library logical="Diode">
      <uri>C:\Program Files\KiCad\7.0\share\kicad\symbols\/Diode.kicad_sym</uri>
    </library>
    <library logical="Transistor_BJT">
      <uri>C:\Program Files\KiCad\7.0\share\kicad\symbols\/Transistor_BJT.kicad_sym</uri>
    </library>
  </libraries>
  <nets>
    <net code="1" name="DI6">
      <node ref="J3" pin="5" pinfunction="Pin_5" pintype="passive"/>
      <node ref="R13" pin="2" pintype="passive"/>
    </net>
    <net code="2" name="GND">
      <node ref="C4" pin="2" pintype="passive"/>
      <node ref="J1" pin="1" pinfunction="Pin_1" pintype="passive"/>
      <node ref="J2" pin="2" pinfunction="Pin_2" pintype="passive"/>
      <node ref="J2" pin="3" pinfunction="Pin_3" pintype="passive"/>
      <node ref="J4" pin="1" pinfunction="Pin_1" pintype="passive"/>
      <node ref="J4" pin="2" pinfunction="Pin_2" pintype="passive"/>
      <node ref="J5" pin="2" pinfunction="Pin_2" pintype="passive"/>
      <node ref="J6" pin="2" pinfunction="Pin_2" pintype="passive"/>
      <node ref="Q1" pin="3" pinfunction="E" pintype="passive"/>
      <node ref="Q2" pin="3" pinfunction="E" pintype="passive"/>
      <node ref="Q3" pin="3" pinfunction="E" pintype="passive"/>
      <node ref="Q4" pin="3" pinfunction="E" pintype="passive"/>
      <node ref="R12" pin="2" pintype="passive"/>
      <node ref="R14" pin="1" pintype="passive"/>
    </net>
    <net code="3" name="Micro">
      <node ref="J5" pin="1" pinfunction="Pin_1" pintype="passive"/>
      <node ref="RV1" pin="1" pinfunction="1" pintype="passive"/>
    </net>
    <net code="4" name="Net-(C3-Pad1)">
      <node ref="C3" pin="1" pintype="passive"/>
      <node ref="R10" pin="1" pintype="passive"/>
      <node ref="RV1" pin="2" pinfunction="2" pintype="passive"/>
      <node ref="RV1" pin="3" pinfunction="3" pintype="passive"/>
    </net>
    <net code="5" name="Net-(D1-A)">
      <node ref="D1" pin="2" pinfunction="A" pintype="passive"/>
      <node ref="Q2" pin="2" pinfunction="B" pintype="input"/>
      <node ref="R3" pin="1" pintype="passive"/>
    </net>
    <net code="6" name="Net-(D1-K)">
      <node ref="C2" pin="1" pintype="passive"/>
      <node ref="D1" pin="1" pinfunction="K" pintype="passive"/>
    </net>
    <net code="7" name="Net-(D2-A)">
      <node ref="D2" pin="2" pinfunction="A" pintype="passive"/>
      <node ref="Q1" pin="2" pinfunction="B" pintype="input"/>
      <node ref="R4" pin="2" pintype="passive"/>
    </net>
    <net code="8" name="Net-(D2-K)">
      <node ref="C1" pin="1" pintype="passive"/>
      <node ref="D2" pin="1" pinfunction="K" pintype="passive"/>
      <node ref="R5" pin="2" pintype="passive"/>
    </net>
    <net code="9" name="Net-(J1-Pin_2)">
      <node ref="C5" pin="1" pintype="passive"/>
      <node ref="J1" pin="2" pinfunction="Pin_2" pintype="passive"/>
      <node ref="J7" pin="2" pinfunction="Pin_2" pintype="passive"/>
      <node ref="R14" pin="2" pintype="passive"/>
    </net>
    <net code="10" name="Net-(J3-Pin_6)">
      <node ref="J3" pin="6" pinfunction="Pin_6" pintype="passive"/>
      <node ref="R11" pin="2" pintype="passive"/>
    </net>
    <net code="11" name="Net-(J7-Pin_3)">
      <node ref="J7" pin="3" pinfunction="Pin_3" pintype="passive"/>
      <node ref="R11" pin="1" pintype="passive"/>
    </net>
    <net code="12" name="Net-(Q1-C)">
      <node ref="Q1" pin="1" pinfunction="C" pintype="passive"/>
      <node ref="R13" pin="1" pintype="passive"/>
      <node ref="R2" pin="2" pintype="passive"/>
      <node ref="R3" pin="2" pintype="passive"/>
      <node ref="R5" pin="1" pintype="passive"/>
    </net>
    <net code="13" name="Net-(Q2-C)">
      <node ref="Q2" pin="1" pinfunction="C" pintype="passive"/>
      <node ref="R1" pin="2" pintype="passive"/>
      <node ref="R4" pin="1" pintype="passive"/>
      <node ref="R6" pin="1" pintype="passive"/>
    </net>
    <net code="14" name="Net-(Q3-B)">
      <node ref="Q3" pin="2" pinfunction="B" pintype="input"/>
      <node ref="R10" pin="2" pintype="passive"/>
      <node ref="R6" pin="2" pintype="passive"/>
      <node ref="R7" pin="1" pintype="passive"/>
      <node ref="R8" pin="2" pintype="passive"/>
      <node ref="R9" pin="2" pintype="passive"/>
    </net>
    <net code="15" name="Net-(Q3-C)">
      <node ref="C1" pin="2" pintype="passive"/>
      <node ref="C2" pin="2" pintype="passive"/>
      <node ref="Q3" pin="1" pinfunction="C" pintype="passive"/>
      <node ref="R7" pin="2" pintype="passive"/>
    </net>
    <net code="16" name="Net-(Q4-B)">
      <node ref="C3" pin="2" pintype="passive"/>
      <node ref="Q4" pin="2" pinfunction="B" pintype="input"/>
      <node ref="R9" pin="1" pintype="passive"/>
    </net>
    <net code="17" name="Net-(Q4-C)">
      <node ref="Q4" pin="1" pinfunction="C" pintype="passive"/>
      <node ref="R8" pin="1" pintype="passive"/>
    </net>
    <net code="18" name="Taste">
      <node ref="J3" pin="4" pinfunction="Pin_4" pintype="passive"/>
      <node ref="J6" pin="1" pinfunction="Pin_1" pintype="passive"/>
    </net>
    <net code="19" name="VCC">
      <node ref="C4" pin="1" pintype="passive"/>
      <node ref="C5" pin="2" pintype="passive"/>
      <node ref="J2" pin="4" pinfunction="Pin_4" pintype="passive"/>
      <node ref="J7" pin="1" pinfunction="Pin_1" pintype="passive"/>
      <node ref="R1" pin="1" pintype="passive"/>
      <node ref="R12" pin="1" pintype="passive"/>
      <node ref="R2" pin="1" pintype="passive"/>
    </net>
    <net code="20" name="unconnected-(J1-Pin_3-Pad3)">
      <node ref="J1" pin="3" pinfunction="Pin_3" pintype="passive+no_connect"/>
    </net>
    <net code="21" name="unconnected-(J1-Pin_4-Pad4)">
      <node ref="J1" pin="4" pinfunction="Pin_4" pintype="passive+no_connect"/>
    </net>
    <net code="22" name="unconnected-(J1-Pin_5-Pad5)">
      <node ref="J1" pin="5" pinfunction="Pin_5" pintype="passive+no_connect"/>
    </net>
    <net code="23" name="unconnected-(J1-Pin_6-Pad6)">
      <node ref="J1" pin="6" pinfunction="Pin_6" pintype="passive+no_connect"/>
    </net>
    <net code="24" name="unconnected-(J2-Pin_1-Pad1)">
      <node ref="J2" pin="1" pinfunction="Pin_1" pintype="passive+no_connect"/>
    </net>
    <net code="25" name="unconnected-(J3-Pin_1-Pad1)">
      <node ref="J3" pin="1" pinfunction="Pin_1" pintype="passive+no_connect"/>
    </net>
    <net code="26" name="unconnected-(J3-Pin_2-Pad2)">
      <node ref="J3" pin="2" pinfunction="Pin_2" pintype="passive+no_connect"/>
    </net>
    <net code="27" name="unconnected-(J3-Pin_3-Pad3)">
      <node ref="J3" pin="3" pinfunction="Pin_3" pintype="passive+no_connect"/>
    </net>
    <net code="28" name="unconnected-(J3-Pin_7-Pad7)">
      <node ref="J3" pin="7" pinfunction="Pin_7" pintype="passive+no_connect"/>
    </net>
    <net code="29" name="unconnected-(J3-Pin_8-Pad8)">
      <node ref="J3" pin="8" pinfunction="Pin_8" pintype="passive+no_connect"/>
    </net>
  </nets>
</export>
